Speech_Act,Borderline_Count,Borderline_Pct,Perfect_Count,Perfect_Pct
UNCLEAR,1090,41.26,1569,43.81457693381737
DIRECT_ADDRESS,614,23.24,713,19.910639486177047
GROUP_STATEMENT,296,11.2,458,12.78972354091036
WISH_DESIRE,202,7.65,234,6.534487573303546
NARRATIVE,182,6.89,282,7.874895280647863
SHORT_LABEL,165,6.25,218,6.087685004188774
MOCKERY_SARCASM,59,2.23,75,2.094387042725496
IMPERATIVE,29,1.1,32,0.8936051382295448
HATE_DECLARATION,5,0.19,0,0.0
