Feature,Old,Hurtlex
token_length,0.0029957725299333,0.0036216307434237
has_target,3.0716242572953987,3.1445601791372315
