{
  "eval_latent_v2": {
    "B0_macro_f1": 0.5892,
    "E1_macro_f1": 0.6185,
    "delta": 0.0293,
    "mcnemar": {
      "b_only_B0": 113,
      "c_only_E1": 176,
      "p_value": 0.000252004402298445
    },
    "bootstrap_delta_ci": {
      "lo": 0.013448789092012395,
      "med": 0.029657890739232584,
      "hi": 0.04494825999343436
    },
    "best": {
      "layer": 14,
      "alpha": 4.0
    }
  },
  "eval_toxigen_v1": {
    "B0_macro_f1": 0.5867,
    "E1_macro_f1": 0.6514,
    "delta": 0.0646,
    "mcnemar": {
      "b_only_B0": 70,
      "c_only_E1": 153,
      "p_value": 2.7906555570001336e-08
    },
    "bootstrap_delta_ci": {
      "lo": 0.045055178886381594,
      "med": 0.06464349438948347,
      "hi": 0.08382203955017839
    },
    "best": {
      "layer": 13,
      "alpha": 4.5
    }
  }
}